parameter,mlb_2024,kbo_2024,kbo_2023,kbo_2024_minus_2023,kbo_2024_vs_2023_pct,interpretation
alpha,0.9137874127669,0.8897596779140079,0.8982057562826734,-0.00844607836866551,-0.009403277934468563,Estimated half-width/size proxy: lower values imply a narrower called zone.
beta,13.657577520382096,34.776924501142545,12.581219508401238,22.195704992741305,1.7641934454700434,Boundary strictness/consistency: higher values imply sharper ball-strike separation.
lambda,1.0768033307757126,1.0721927456315026,1.0744168842465005,-0.002224138614997928,-0.0020700890386302325,Width-height ratio of the modeled zone.
r,3.835588865175,24.439691144647576,3.3023657116310776,21.1373254330165,6.400661610120862,Rectilinearity: higher values imply a more rule-book rectangular zone.
x0,0.018120957555175,0.0009083436194117,0.0059262888266524,-0.0050179452072407005,-0.8467264006224957,Horizontal center calibration.
y0,2.4780204760041027,2.526984759498632,2.5107515843250665,0.016233175173565595,0.006465464474825515,Vertical center calibration.
