pitch_role,t_code,t_code_name,games,appearances,pitchers,starts,outs,er,r,h,hr,bb,hbp,so,tb,ab,sf,tbf,np,gdp,ip,era,ra9,whip,k9,bb9,hr9,kbb,avg_allowed,obp_allowed,slg_allowed,ops_allowed,ip_per_game,outs_per_start,pitches_per_ip,era_rank,ra9_rank,whip_rank,bb9_rank,hr9_rank,avg_allowed_rank,obp_allowed_rank,slg_allowed_rank,ops_allowed_rank,ip_per_game_rank,outs_per_start_rank,k9_rank,kbb_rank,team_count
bullpen,9002,SSG,61,245,17,0,778.0,147.0,162,242,29,152,24,222,373,984,12,1181.0,4659,0.0,259.3333333333333,5.1015424164524426,5.622107969151671,1.519280205655527,7.704370179948586,5.275064267352185,1.006426735218509,1.4605263157894737,0.2459349593495935,0.35665529010238906,0.3790650406504065,0.7357203307527955,4.251366120218579,,17.96529562982005,6.0,5.0,3.0,7.0,6.0,1.0,3.0,2.0,2.0,1.0,,6.0,7.0,10
starter,9002,SSG,61,61,9,61,832.0,175.0,188,299,36,146,16,235,454,1089,9,1272.0,5094,0.0,277.3333333333333,5.679086538461538,6.100961538461538,1.6045673076923077,7.626201923076923,4.737980769230769,1.1682692307692308,1.6095890410958904,0.2745638200183655,0.36587301587301585,0.41689623507805323,0.7827692509510691,4.546448087431694,13.639344262295081,18.367788461538463,10.0,10.0,10.0,10.0,9.0,7.0,10.0,8.0,10.0,10.0,10.0,6.0,10.0,10
total,9002,SSG,61,306,24,61,1610.0,322.0,350,541,65,298,40,457,827,2073,21,2453.0,9753,0.0,536.6666666666666,5.4,5.869565217391305,1.5633540372670807,7.663975155279503,4.997515527950311,1.0900621118012421,1.5335570469798658,0.2609744331886155,0.3614309210526316,0.3989387361312108,0.7603696571838423,8.797814207650273,26.39344262295082,18.17329192546584,10.0,10.0,10.0,10.0,9.0,4.0,10.0,4.0,8.0,1.0,1.0,7.0,10.0,10
